0.231548, 0.000000, 0.000000, 0.000000, 0.000000, -0.082995, -0.085757
0.241539, 1199.828491, 1200.171509, 1200.171509, 1199.828491, -0.124406, 1.119724
0.248137, 1202.239502, 1197.760498, 1197.760498, 1202.239502, -0.167940, 1.836909
0.254542, 1203.673828, 1196.326172, 1196.326172, 1203.673828, -0.212714, 2.493057
0.260861, 1204.986084, 1195.013916, 1195.013916, 1204.986084, -0.260756, 2.966094
0.267069, 1205.932129, 1194.067871, 1194.067871, 1205.932129, -0.293759, 3.225501
0.273593, 1206.451050, 1193.548950, 1193.548950, 1206.451050, -0.321969, 2.905057
0.279762, 1205.810059, 1194.189941, 1194.189941, 1205.810059, -0.347330, 3.530686
0.285547, 1207.061401, 1192.938599, 1192.938599, 1207.061401, -0.364805, 4.278390
0.290536, 1208.556763, 1191.443237, 1191.443237, 1208.556763, -0.390998, 4.934538
0.295588, 1209.869019, 1190.130981, 1190.130981, 1209.869019, -0.412647, 5.102390
0.300528, 1210.204834, 1189.795166, 1189.795166, 1210.204834, -0.429290, 5.483871
0.305748, 1210.967773, 1189.032227, 1189.032227, 1210.967773, -0.444213, 6.048463
0.310706, 1212.096924, 1187.903076, 1187.903076, 1212.096924, -0.473180, 6.445204
0.315752, 1212.890381, 1187.109619, 1187.109619, 1212.890381, -0.489392, 7.437056
0.320718, 1214.874146, 1185.125854, 1185.125854, 1214.874146, -0.509826, 7.833796
0.325750, 1215.667603, 1184.332397, 1184.332397, 1215.667603, -0.521175, 8.718833
0.330945, 1217.437622, 1182.562378, 1182.562378, 1217.437622, -0.525065, 9.878536
0.335951, 1219.757080, 1180.242920, 1180.242920, 1219.757080, -0.533709, 10.534684
0.340906, 1221.069336, 1178.930664, 1178.930664, 1221.069336, -0.531444, 12.289498
0.345849, 1224.578979, 1175.421021, 1175.421021, 1224.578979, -0.546047, 13.067720
0.350699, 1226.135498, 1173.864502, 1173.864502, 1226.135498, -0.548564, 15.844905
0.355720, 1231.689819, 1168.310181, 1168.310181, 1231.689819, -0.505018, 17.706533
0.360628, 1235.413086, 1164.586914, 1164.586914, 1235.413086, -0.454582, 16.562090
0.365396, 1233.124146, 1166.875854, 1166.875854, 1233.124146, -0.330805, 20.926237
0.370254, 1241.852417, 1158.147583, 1158.147583, 1241.852417, -0.279663, 19.308756
0.375336, 1238.617554, 1161.382446, 1161.382446, 1238.617554, -0.290617, 20.773643
0.380310, 1241.547241, 1158.452759, 1158.452759, 1241.547241, -0.200943, 20.315866
0.385209, 1240.631714, 1159.368286, 1159.368286, 1240.631714, -0.157550, 17.798090
0.390065, 1235.596191, 1164.403809, 1164.403809, 1235.596191, -0.103391, 21.887569
0.395002, 1243.775146, 1156.224854, 1156.224854, 1243.775146, -0.014894, 22.284311
0.399896, 1244.568604, 1155.431396, 1155.431396, 1244.568604, 0.033191, 20.514236
0.404703, 1241.028442, 1158.971558, 1158.971558, 1241.028442, 0.103524, 17.431868
0.410111, 1234.863770, 1165.136230, 1165.136230, 1234.863770, 0.066341, 10.870388
0.426135, 1221.740723, 1178.259277, 1178.259277, 1221.740723, -0.002957, -0.177313
0.433813, 1199.645386, 1200.354614, 1200.354614, 1199.645386, -0.071209, -4.846644
0.441401, 1190.306763, 1209.693237, 1209.693237, 1190.306763, -0.193620, -3.732719
0.449531, 1192.534546, 1207.465454, 1207.465454, 1192.534546, -0.462461, -0.436720
0.456775, 1199.126587, 1200.873413, 1200.873413, 1199.126587, -0.752848, -12.323679
0.465595, 1175.352661, 1224.647339, 1224.647339, 1175.352661, -1.236540, -10.919827
0.473490, 1178.160400, 1221.839600, 1221.839600, 1178.160400, -1.620951, -11.209754
0.481413, 1177.580444, 1222.419556, 1222.419556, 1177.580444, -1.886668, -7.639088
0.489021, 1184.721802, 1215.278198, 1215.278198, 1184.721802, -2.415748, -8.035829
0.497772, 1183.928345, 1216.071655, 1216.071655, 1183.928345, -2.470074, 3.133946
0.504039, 1206.267944, 1193.732056, 1193.732056, 1206.267944, -2.103470, 0.890835
0.511483, 1201.781616, 1198.218384, 1198.218384, 1201.781616, -1.921519, 0.387280
0.517848, 1200.774536, 1199.225464, 1199.225464, 1200.774536, -2.266378, -9.958495
0.522925, 1180.083008, 1219.916992, 1219.916992, 1180.083008, -2.433456, -7.074496
0.533599, 1185.850952, 1214.149048, 1214.149048, 1185.850952, -2.202564, -6.204718
0.539925, 1187.590576, 1212.409424, 1212.409424, 1187.590576, -2.478856, -5.899533
0.547948, 1188.200928, 1211.799072, 1211.799072, 1188.200928, -2.208906, -1.825312
0.553573, 1196.349365, 1203.650635, 1203.650635, 1196.349365, -2.041975, -3.885311
0.559895, 1192.229370, 1207.770630, 1207.770630, 1192.229370, -2.280517, -11.942198
0.569585, 1176.115601, 1223.884399, 1223.884399, 1176.115601, -1.970933, -2.557756
0.577086, 1194.884521, 1205.115479, 1205.115479, 1194.884521, -2.455294, -15.467086
0.584597, 1169.065796, 1230.934204, 1230.934204, 1169.065796, -1.929851, 8.230536
0.592172, 1216.461060, 1183.538940, 1183.538940, 1216.461060, -2.462041, -14.536271
0.600011, 1170.927490, 1229.072510, 1229.072510, 1170.927490, -1.952997, 5.865352
0.607104, 1211.730713, 1188.269287, 1188.269287, 1211.730713, -2.089340, -7.974792
0.612800, 1184.050415, 1215.949585, 1215.949585, 1184.050415, -2.486185, -3.107090
0.621258, 1193.785767, 1206.214233, 1206.214233, 1193.785767, -2.469904, -6.418348
0.630353, 1187.163330, 1212.836670, 1212.836670, 1187.163330, -2.024560, 10.122684
0.637194, 1220.245361, 1179.754639, 1179.754639, 1220.245361, -2.325235, -18.076418
0.643476, 1163.847168, 1236.152832, 1236.152832, 1163.847168, -2.956222, -19.007233
0.649086, 1161.985596, 1238.014404, 1238.014404, 1161.985596, -3.454357, -9.424421
0.657776, 1181.151123, 1218.848877, 1218.848877, 1181.151123, -3.128863, -8.981902
0.665215, 1182.036255, 1217.963745, 1217.963745, 1182.036255, -3.260616, -7.593310
0.673234, 1184.813354, 1215.186646, 1215.186646, 1184.813354, -3.538412, -0.848720
0.682926, 1198.302612, 1201.697388, 1201.697388, 1198.302612, -3.601570, -4.434645
0.688651, 1191.130737, 1208.869263, 1208.869263, 1191.130737, -4.217541, -16.062197
0.697358, 1167.875610, 1232.124390, 1232.124390, 1167.875610, -4.406851, 1.730094
0.704803, 1203.460205, 1196.539795, 1196.539795, 1203.460205, -4.693622, -12.522050
0.711451, 1174.955933, 1225.044067, 1225.044067, 1174.955933, -4.108031, 12.182684
0.718898, 1224.365356, 1175.634644, 1175.634644, 1224.365356, -4.576884, -4.571978
0.725938, 1190.856079, 1209.143921, 1209.143921, 1190.856079, -4.340071, 5.636464
0.733088, 1211.272949, 1188.727051, 1188.727051, 1211.272949, -4.315927, -3.946348
0.740997, 1192.107300, 1207.892700, 1207.892700, 1192.107300, -3.967989, 17.325052
0.746720, 1234.650146, 1165.349854, 1165.349854, 1234.650146, -3.443640, 17.386089
0.756755, 1234.772217, 1165.227783, 1165.227783, 1234.772217, -3.111466, 15.905942
0.764753, 1231.811890, 1168.188110, 1168.188110, 1231.811890, -3.417593, -3.686941
0.771235, 1192.626099, 1207.373901, 1207.373901, 1192.626099, -3.513303, 1.943724
0.779239, 1203.887451, 1196.112549, 1196.112549, 1203.887451, -3.641839, -7.654347
0.787539, 1184.691284, 1215.308716, 1215.308716, 1184.691284, -3.568270, 5.087131
0.795548, 1210.174316, 1189.825684, 1189.825684, 1210.174316, -3.528264, 12.915128
0.802911, 1225.830200, 1174.169800, 1174.169800, 1225.830200, -3.087372, 15.829646
0.810251, 1231.659302, 1168.340698, 1168.340698, 1231.659302, -3.509737, -2.740867
0.818914, 1194.518311, 1205.481689, 1205.481689, 1194.518311, -3.309575, 10.504166
0.826855, 1221.008301, 1178.991699, 1178.991699, 1221.008301, -3.380087, 0.845058
0.833720, 1201.690063, 1198.309937, 1198.309937, 1201.690063, -3.268406, 9.939573
0.840857, 1219.879150, 1180.120850, 1180.120850, 1219.879150, -3.263263, 4.919279
0.849281, 1209.838501, 1190.161499, 1190.161499, 1209.838501, -3.426857, -0.619831
0.855777, 1198.760376, 1201.239624, 1201.239624, 1198.760376, -3.670290, 0.219428
0.864392, 1200.438843, 1199.561157, 1199.561157, 1200.438843, -3.281805, 17.248756
0.871038, 1234.497559, 1165.502441, 1165.502441, 1234.497559, -3.488167, -1.230201
0.878991, 1197.539551, 1202.460449, 1202.460449, 1197.539551, -3.065457, 25.824457
0.886577, 1251.648926, 1148.351074, 1148.351074, 1251.648926, -3.269256, -10.233161
0.894468, 1179.533691, 1220.466309, 1220.466309, 1179.533691, -3.172323, 6.902982
0.902295, 1213.805908, 1186.194092, 1186.194092, 1213.805908, -3.175694, 1.333354
0.907447, 1202.666748, 1197.333252, 1197.333252, 1202.666748, -3.123145, 8.840907
0.915132, 1217.681763, 1182.318237, 1182.318237, 1217.681763, -3.249269, -10.095828
0.923835, 1179.808350, 1220.191650, 1220.191650, 1179.808350, -3.049199, 15.036164
0.931346, 1230.072388, 1169.927612, 1169.927612, 1230.072388, -3.187063, -12.338939
0.939342, 1175.322144, 1224.677856, 1224.677856, 1175.322144, -2.870101, 13.800165
0.946997, 1227.600342, 1172.399658, 1172.399658, 1227.600342, -2.808623, -4.556719
0.954887, 1190.886597, 1209.113403, 1209.113403, 1190.886597, -2.884939, -3.595386
0.962238, 1192.809204, 1207.190796, 1207.190796, 1192.809204, -3.018954, -6.372570
0.970134, 1187.254883, 1212.745117, 1212.745117, 1187.254883, -2.836414, -8.279977
0.977467, 1183.440063, 1216.559937, 1216.559937, 1183.440063, -3.108533, -10.950346
0.985029, 1178.099365, 1221.900635, 1221.900635, 1178.099365, -2.755072, 8.566240
0.993076, 1217.132446, 1182.867554, 1182.867554, 1217.132446, -3.241853, -15.741753
0.999383, 1168.516479, 1231.483521, 1231.483521, 1168.516479, -3.310648, -0.894498
1.008350, 1198.211060, 1201.788940, 1201.788940, 1198.211060, -3.536534, -12.369457
1.015873, 1175.261108, 1224.738892, 1224.738892, 1175.261108, -3.875245, -8.768273
1.023803, 1182.463501, 1217.536499, 1217.536499, 1182.463501, -4.153055, -12.079532
1.031362, 1175.840942, 1224.159058, 1224.159058, 1175.840942, -4.455333, 0.539872
1.040369, 1201.079712, 1198.920288, 1198.920288, 1201.079712, -4.501512, 3.881649
1.048271, 1207.763306, 1192.236694, 1192.236694, 1207.763306, -4.489382, -5.960570
1.054625, 1188.078857, 1211.921143, 1211.921143, 1188.078857, -4.923912, -13.956420
1.061577, 1172.087158, 1227.912842, 1227.912842, 1172.087158, -4.575359, 9.481795
1.069982, 1218.963623, 1181.036377, 1181.036377, 1218.963623, -5.103728, -16.413160
1.077880, 1167.173706, 1232.826294, 1232.826294, 1167.173706, -4.480373, 10.885647
1.084728, 1221.771240, 1178.228760, 1178.228760, 1221.771240, -4.128783, 0.005799
1.090419, 1200.011597, 1199.988403, 1199.988403, 1200.011597, -4.432666, -1.230201
1.099034, 1197.539551, 1202.460449, 1202.460449, 1197.539551, -4.320230, 2.309946
1.106168, 1204.619873, 1195.380127, 1195.380127, 1204.619873, -4.515752, 0.875576
1.115398, 1201.751099, 1198.248901, 1198.248901, 1201.751099, -4.507474, -6.738792
1.122982, 1186.522461, 1213.477539, 1213.477539, 1186.522461, -4.314426, 16.821497
1.130537, 1233.642944, 1166.357056, 1166.357056, 1233.642944, -3.965756, 3.515427
1.138591, 1207.030884, 1192.969116, 1192.969116, 1207.030884, -3.992180, 18.210089
1.146383, 1236.420166, 1163.579834, 1163.579834, 1236.420166, -3.744680, -1.550645
1.154218, 1196.898682, 1203.101318, 1203.101318, 1196.898682, -3.736257, 16.882534
1.162150, 1233.765015, 1166.234985, 1166.234985, 1233.765015, -3.570093, 2.248909
1.169550, 1204.497803, 1195.502197, 1195.502197, 1204.497803, -3.729700, 4.812464
1.177093, 1209.624878, 1190.375122, 1190.375122, 1209.624878, -3.392049, 18.454237
1.185234, 1236.908447, 1163.091553, 1163.091553, 1236.908447, -3.279548, 10.412610
1.191730, 1220.825195, 1179.174805, 1179.174805, 1220.825195, -3.771101, -4.785607
1.200144, 1190.428833, 1209.571167, 1209.571167, 1190.428833, -3.355779, 19.079866
1.207126, 1238.159790, 1161.840210, 1161.840210, 1238.159790, -3.159342, -0.589312
1.213910, 1198.821411, 1201.178589, 1201.178589, 1198.821411, -3.340188, 0.158391
1.221406, 1200.316772, 1199.683228, 1199.683228, 1200.316772, -3.413394, 10.870388
1.227254, 1221.740723, 1178.259277, 1178.259277, 1221.740723, -3.294684, 9.237648
1.235882, 1218.475342, 1181.524658, 1181.524658, 1218.475342, -3.267963, -0.223090
1.242260, 1199.553833, 1200.446167, 1200.446167, 1199.553833, -3.566979, -13.651235
1.251883, 1172.697510, 1227.302490, 1227.302490, 1172.697510, -3.481711, -4.022645
1.258991, 1191.954712, 1208.045288, 1208.045288, 1191.954712, -3.749188, -5.823237
1.266977, 1188.353516, 1211.646484, 1211.646484, 1188.353516, -3.549516, 10.305796
1.275727, 1220.611572, 1179.388428, 1179.388428, 1220.611572, -3.793583, 2.752464
1.281475, 1205.504883, 1194.495117, 1194.495117, 1205.504883, -4.226914, -4.922941
1.289699, 1190.154175, 1209.845825, 1209.845825, 1190.154175, -4.211195, -8.814051
1.296777, 1182.371948, 1217.628052, 1217.628052, 1182.371948, -4.378823, -8.829310
1.306011, 1182.341431, 1217.658569, 1217.658569, 1182.341431, -4.230169, -4.159978
1.312514, 1191.680054, 1208.319946, 1208.319946, 1191.680054, -4.394132, -6.006348
1.319448, 1187.987305, 1212.012695, 1212.012695, 1187.987305, -4.491153, 0.997650
1.326417, 1201.995239, 1198.004761, 1198.004761, 1201.995239, -4.052856, 2.340465
1.332765, 1204.680908, 1195.319092, 1195.319092, 1204.680908, -3.919824, -8.295236
1.340686, 1183.409546, 1216.590454, 1216.590454, 1183.409546, -3.838467, 12.365795
1.347722, 1224.731567, 1175.268433, 1175.268433, 1224.731567, -4.132754, -7.059237
1.356317, 1185.881470, 1214.118530, 1214.118530, 1185.881470, -3.655086, 18.377941
1.362559, 1236.755859, 1163.244141, 1163.244141, 1236.755859, -3.575311, 0.478835
1.371003, 1200.957642, 1199.042358, 1199.042358, 1200.957642, -3.408608, 7.452315
1.377691, 1214.904663, 1185.095337, 1185.095337, 1214.904663, -3.018970, 14.395276
1.384649, 1228.790527, 1171.209473, 1171.209473, 1228.790527, -2.945856, -5.106052
1.392030, 1189.787842, 1210.212158, 1210.212158, 1189.787842, -3.046576, 7.482833
1.399450, 1214.965698, 1185.034302, 1185.034302, 1214.965698, -2.875335, 0.036317
1.407019, 1200.072632, 1199.927368, 1199.927368, 1200.072632, -3.029975, 1.470687
1.413935, 1202.941406, 1197.058594, 1197.058594, 1202.941406, -3.425248, -9.424421
1.419654, 1181.151123, 1218.848877, 1218.848877, 1181.151123, -3.535970, -9.439680
1.426819, 1181.120605, 1218.879395, 1218.879395, 1181.120605, -3.600286, 6.246834
1.435883, 1212.493652, 1187.506348, 1187.506348, 1212.493652, -4.179856, -15.283975
1.443266, 1169.432007, 1230.567993, 1230.567993, 1169.432007, -3.665714, 13.815424
1.451162, 1227.630859, 1172.369141, 1172.369141, 1227.630859, -4.188390, -19.098789
1.457447, 1161.802368, 1238.197632, 1238.197632, 1161.802368, -4.776175, -19.510788
1.466041, 1160.978394, 1239.021606, 1239.021606, 1160.978394, -5.098433, -11.438643
1.472901, 1177.122681, 1222.877319, 1222.877319, 1177.122681, -5.532695, -20.395824
1.480155, 1159.208374, 1240.791626, 1240.791626, 1159.208374, -5.049947, 1.958983
1.486940, 1203.917969, 1196.082031, 1196.082031, 1203.917969, -5.465576, -10.614643
1.495000, 1178.770752, 1221.229248, 1221.229248, 1178.770752, -4.999686, -0.528275
1.500717, 1198.943481, 1201.056519, 1201.056519, 1198.943481, -5.145131, -15.741753
1.507085, 1168.516479, 1231.483521, 1231.483521, 1168.516479, -5.787081, -29.917601
1.516856, 1140.164795, 1259.835205, 1259.835205, 1140.164795, -6.597882, -30.604267
1.523168, 1138.791504, 1261.208496, 1261.208496, 1138.791504, -7.114911, -33.015228
1.530580, 1133.969482, 1266.030518, 1266.030518, 1133.969482, -6.982200, -9.424421
1.536344, 1181.151123, 1218.848877, 1218.848877, 1181.151123, -7.087124, -17.450788
1.543421, 1165.098389, 1234.901611, 1234.901611, 1165.098389, -7.314524, -26.667379
1.550820, 1146.665283, 1253.334717, 1253.334717, 1146.665283, -7.674989, -19.815973
1.557832, 1160.368042, 1239.631958, 1239.631958, 1160.368042, -7.628170, -15.146642
1.563492, 1169.706665, 1230.293335, 1230.293335, 1169.706665, -7.644663, -5.945311
1.570019, 1188.109375, 1211.890625, 1211.890625, 1188.109375, -7.977399, -30.405895
1.578128, 1139.188232, 1260.811768, 1260.811768, 1139.188232, -8.127208, -23.813898
1.583818, 1152.372192, 1247.627808, 1247.627808, 1152.372192, -8.459483, -38.615376
1.592981, 1122.769287, 1277.230713, 1277.230713, 1122.769287, -8.770944, -29.383526
1.599521, 1141.232910, 1258.767090, 1258.767090, 1141.232910, -8.610756, -23.722343
1.606992, 1152.555298, 1247.444702, 1247.444702, 1152.555298, -8.846653, -29.124119
1.613849, 1141.751709, 1258.248291, 1258.248291, 1141.751709, -8.856917, -15.909604
1.621822, 1168.180786, 1231.819214, 1231.819214, 1168.180786, -9.141846, -32.374340
1.629130, 1135.251343, 1264.748657, 1264.748657, 1135.251343, -9.563884, -34.922634
1.637953, 1130.154785, 1269.845215, 1269.845215, 1130.154785, -10.125805, -39.256264
1.645290, 1121.487427, 1278.512573, 1278.512573, 1121.487427, -10.204778, -23.371380
1.653295, 1153.257202, 1246.742798, 1246.742798, 1153.257202, -10.328006, -31.168859
1.661407, 1137.662231, 1262.337769, 1262.337769, 1137.662231, -10.657301, -27.811823
1.669625, 1144.376343, 1255.623657, 1255.623657, 1144.376343, -10.576194, -21.311380
1.677761, 1157.377197, 1242.622803, 1242.622803, 1157.377197, -10.456794, -20.685751
1.684201, 1158.628540, 1241.371460, 1241.371460, 1158.628540, -10.528399, -18.473160
1.692165, 1163.053711, 1236.946289, 1236.946289, 1163.053711, -10.411543, -23.691824
1.700597, 1152.616333, 1247.383667, 1247.383667, 1152.616333, -10.624124, -35.319378
1.708501, 1129.361206, 1270.638794, 1270.638794, 1129.361206, -10.952882, -38.371227
1.716518, 1123.257568, 1276.742432, 1276.742432, 1123.257568, -11.303368, -27.262489
1.724347, 1145.474976, 1254.525024, 1254.525024, 1145.474976, -11.548225, -22.394787
1.731621, 1155.210449, 1244.789551, 1244.789551, 1155.210449, -11.692138, -29.307230
1.739303, 1141.385498, 1258.614502, 1258.614502, 1141.385498, -12.058228, -28.467970
1.748321, 1143.064087, 1256.935913, 1256.935913, 1143.064087, -12.517706, -43.895077
1.756229, 1112.209839, 1287.790161, 1287.790161, 1112.209839, -12.944414, -40.919521
1.762538, 1118.161011, 1281.838989, 1281.838989, 1118.161011, -13.100175, -39.149448
1.770003, 1121.701050, 1278.298950, 1278.298950, 1121.701050, -13.550292, -51.799370
1.778032, 1096.401245, 1303.598755, 1303.598755, 1096.401245, -13.971944, -45.482040
1.786280, 1109.035889, 1290.964111, 1290.964111, 1109.035889, -14.412366, -47.755669
1.793066, 1104.488647, 1295.511353, 1295.511353, 1104.488647, -14.684031, -42.338634
1.801145, 1115.322754, 1284.677246, 1284.677246, 1115.322754, -14.968669, -37.135227
1.806926, 1125.729492, 1274.270508, 1274.270508, 1125.729492, -15.418666, -53.996704
1.816264, 1092.006592, 1307.993408, 1307.993408, 1092.006592, -15.592470, -40.980560
1.824182, 1118.038818, 1281.961182, 1281.961182, 1118.038818, -15.790751, -41.651966
1.830981, 1116.696045, 1283.303955, 1283.303955, 1116.696045, -16.209444, -49.525742
1.838322, 1100.948486, 1299.051514, 1299.051514, 1100.948486, -16.881626, -51.341595
1.845190, 1097.316772, 1302.683228, 1302.683228, 1097.316772, -16.991850, -37.211525
1.853104, 1125.576904, 1274.423096, 1274.423096, 1125.576904, -16.985619, -33.396709
1.860980, 1133.206543, 1266.793457, 1266.793457, 1133.206543, -17.017937, -29.276711
1.868958, 1141.446533, 1258.553467, 1258.553467, 1141.446533, -16.884588, -30.192266
1.877052, 1139.615479, 1260.384521, 1260.384521, 1139.615479, -17.010916, -33.091526
1.883790, 1133.816895, 1266.183105, 1266.183105, 1133.816895, -17.306597, -42.338634
1.891502, 1115.322754, 1284.677246, 1284.677246, 1115.322754, -17.843792, -45.405743
1.898300, 1109.188477, 1290.811523, 1290.811523, 1109.188477, -18.317547, -42.689598
1.905825, 1114.620850, 1285.379150, 1285.379150, 1114.620850, -18.632219, -37.852413
1.913719, 1124.295166, 1275.704834, 1275.704834, 1124.295166, -18.909773, -30.344860
1.921258, 1139.310303, 1260.689697, 1260.689697, 1139.310303, -19.085024, -27.537157
1.930478, 1144.925659, 1255.074341, 1255.074341, 1144.925659, -19.293520, -14.414197
1.938013, 1171.171631, 1228.828369, 1228.828369, 1171.171631, -19.435202, -22.944120
1.945942, 1154.111816, 1245.888184, 1245.888184, 1154.111816, -19.600147, -19.129307
1.953985, 1161.741333, 1238.258667, 1238.258667, 1161.741333, -19.772709, -19.037752
1.961669, 1161.924438, 1238.075562, 1238.075562, 1161.924438, -19.745138, -13.040864
1.969661, 1173.918213, 1226.081787, 1226.081787, 1173.918213, -19.917755, -9.622791
1.977178, 1180.754395, 1219.245605, 1219.245605, 1180.754395, -19.941462, 4.980316
1.982919, 1209.960571, 1190.039429, 1190.039429, 1209.960571, -20.128338, -0.787683
1.991445, 1198.424683, 1201.575317, 1201.575317, 1198.424683, -19.852949, 10.412610
1.999037, 1220.825195, 1179.174805, 1179.174805, 1220.825195, -19.900860, 0.234687
2.007853, 1200.469360, 1199.530640, 1199.530640, 1200.469360, -20.025780, -5.350200
2.015558, 1189.299561, 1210.700439, 1210.700439, 1189.299561, -20.039776, -1.459090
2.024197, 1197.081787, 1202.918213, 1202.918213, 1197.081787, -19.683266, 12.670979
2.032144, 1225.341919, 1174.658081, 1174.658081, 1225.341919, -20.255783, -9.897458
2.039994, 1180.205078, 1219.794922, 1219.794922, 1180.205078, -19.970709, 16.226387
2.047558, 1232.452759, 1167.547241, 1167.547241, 1232.452759, -20.210264, 6.109500
2.053238, 1212.218994, 1187.781006, 1187.781006, 1212.218994, -20.244297, 13.937498
2.061597, 1227.875000, 1172.125000, 1172.125000, 1227.875000, -19.892548, 27.167273
2.070731, 1254.334595, 1145.665405, 1145.665405, 1254.334595, -19.707926, 26.663717
2.078703, 1253.327393, 1146.672607, 1146.672607, 1253.327393, -19.316105, 38.977936
2.085857, 1277.955811, 1122.044189, 1122.044189, 1277.955811, -19.398706, 27.579271
2.093472, 1255.158569, 1144.841431, 1144.841431, 1255.158569, -18.637691, 57.273781
2.100488, 1314.547607, 1085.452393, 1085.452393, 1314.547607, -18.147911, 40.320751
2.108709, 1280.641479, 1119.358521, 1119.358521, 1280.641479, -18.162518, 41.465195
2.116682, 1282.930420, 1117.069580, 1117.069580, 1282.930420, -17.707727, 54.054077
2.124367, 1308.108154, 1091.891846, 1091.891846, 1308.108154, -16.768478, 69.984741
2.131887, 1339.969482, 1060.030518, 1060.030518, 1339.969482, -16.225018, 69.481186
2.139509, 1338.962402, 1061.037598, 1061.037598, 1338.962402, -16.181208, 57.701042
2.147261, 1315.402100, 1084.597900, 1084.597900, 1315.402100, -16.309650, 52.589191
2.155197, 1305.178345, 1094.821655, 1094.821655, 1305.178345, -16.137815, 55.488449
2.163139, 1310.976929, 1089.023071, 1089.023071, 1310.976929, -16.052095, 67.985779
2.170534, 1335.971558, 1064.028442, 1064.028442, 1335.971558, -16.085945, 84.435257
2.177660, 1368.870483, 1031.129517, 1031.129517, 1368.870483, -15.613150, 82.207405
2.185230, 1364.414795, 1035.585205, 1035.585205, 1364.414795, -15.411508, 82.207405
2.193171, 1364.414795, 1035.585205, 1035.585205, 1364.414795, -15.200350, 78.835106
2.201021, 1357.670166, 1042.329834, 1042.329834, 1357.670166, -14.960773, 110.421768
2.208628, 1420.843506, 979.156494, 979.156494, 1420.843506, -14.110304, 110.971100
2.215658, 1421.942139, 978.057800, 978.057800, 1421.942139, -12.374846, 106.027100
2.223346, 1412.054199, 987.945801, 987.945801, 1412.054199, -10.832507, 85.121918
2.230928, 1370.243896, 1029.756104, 1029.756104, 1370.243896, -9.670183, 69.877930
2.238840, 1339.755859, 1060.244141, 1060.244141, 1339.755859, -9.534699, 63.438522
2.246772, 1326.877075, 1073.122925, 1073.122925, 1326.877075, -9.351223, 50.529190
2.255928, 1301.058350, 1098.941650, 1098.941650, 1301.058350, -8.303445, 63.758965
2.262566, 1327.517944, 1072.482056, 1072.482056, 1327.517944, -8.022210, 57.334820
2.271551, 1314.669678, 1085.330322, 1085.330322, 1314.669678, -7.673359, 33.698235
2.279461, 1267.396484, 1132.603516, 1132.603516, 1267.396484, -7.950192, 39.862972
2.287442, 1279.725952, 1120.274048, 1120.274048, 1279.725952, -7.394490, 51.627857
2.294230, 1303.255737, 1096.744263, 1096.744263, 1303.255737, -7.149103, 35.514084
2.302236, 1271.028198, 1128.971802, 1128.971802, 1271.028198, -6.719841, 66.856590
2.309784, 1333.713135, 1066.286865, 1066.286865, 1333.713135, -6.009608, 62.492447
2.317700, 1324.984863, 1075.015137, 1075.015137, 1324.984863, -4.799615, 71.754814
2.324847, 1343.509644, 1056.490356, 1056.490356, 1343.509644, -4.108054, 73.219704
2.332298, 1346.439453, 1053.560547, 1053.560547, 1346.439453, -2.957165, 76.424149
2.340856, 1352.848267, 1047.151733, 1047.151733, 1352.848267, -2.041577, 50.620747
2.347117, 1301.241455, 1098.758545, 1098.758545, 1301.241455, -0.985735, 74.440445
2.354601, 1348.880859, 1051.119141, 1051.119141, 1348.880859, -0.057914, 74.623550
2.363981, 1349.247070, 1050.752930, 1050.752930, 1349.247070, -0.153106, 42.090824
2.371550, 1284.181641, 1115.818359, 1115.818359, 1284.181641, -0.422952, 59.913631
2.379136, 1319.827271, 1080.172729, 1080.172729, 1319.827271, -0.816509, 54.298225
2.387648, 1308.596436, 1091.403564, 1091.403564, 1308.596436, 0.214759, 62.751854
2.395497, 1325.503662, 1074.496338, 1074.496338, 1325.503662, 0.651241, 64.079407
2.401585, 1328.158813, 1071.841187, 1071.841187, 1328.158813, 1.592458, 86.800438
2.409890, 1373.600830, 1026.399170, 1026.399170, 1373.600830, 2.640373, 67.009186
2.417877, 1334.018311, 1065.981689, 1065.981689, 1334.018311, 2.937727, 55.473190
2.423512, 1310.946411, 1089.053589, 1089.053589, 1310.946411, 3.890076, 86.129036
2.431052, 1372.258057, 1027.741943, 1027.741943, 1372.258057, 4.865002, 85.198219
2.439002, 1370.396484, 1029.603516, 1029.603516, 1370.396484, 5.006256, 66.154671
2.446447, 1332.309326, 1067.690674, 1067.690674, 1332.309326, 5.125051, 67.238075
2.454133, 1334.476196, 1065.523804, 1065.523804, 1334.476196, 5.519900, 78.957184
2.460945, 1357.914307, 1042.085693, 1042.085693, 1357.914307, 5.751590, 69.465927
2.468296, 1338.931885, 1061.068115, 1061.068115, 1338.931885, 6.162432, 69.374367
2.476350, 1338.748779, 1061.251221, 1061.251221, 1338.748779, 7.111555, 81.017181
2.483986, 1362.034424, 1037.965576, 1037.965576, 1362.034424, 8.066238, 72.945038
2.491280, 1345.890137, 1054.109863, 1054.109863, 1345.890137, 8.286468, 53.611561
2.498386, 1307.223145, 1092.776855, 1092.776855, 1307.223145, 8.531330, 41.663563
2.506301, 1283.327148, 1116.672852, 1116.672852, 1283.327148, 8.586897, 41.663563
2.515303, 1283.327148, 1116.672852, 1116.672852, 1283.327148, 9.046384, 36.597492
2.523317, 1273.194946, 1126.805054, 1126.805054, 1273.194946, 9.426488, 24.283274
2.531269, 1248.566528, 1151.433472, 1151.433472, 1248.566528, 9.506306, 32.233345
2.538743, 1264.466675, 1135.533325, 1135.533325, 1264.466675, 9.472907, 37.680897
2.545819, 1275.361816, 1124.638184, 1124.638184, 1275.361816, 9.585047, 29.929197
2.552692, 1259.858398, 1140.141602, 1140.141602, 1259.858398, 10.136321, 40.427563
2.560519, 1280.855103, 1119.144897, 1119.144897, 1280.855103, 10.459321, 45.692009
2.568523, 1291.384033, 1108.615967, 1108.615967, 1291.384033, 10.556270, 33.896603
2.576046, 1267.793213, 1132.206787, 1132.206787, 1267.793213, 10.868460, 31.516159
2.583092, 1263.032349, 1136.967651, 1136.967651, 1263.032349, 11.422269, 47.065342
2.592236, 1294.130737, 1105.869263, 1105.869263, 1294.130737, 12.192290, 52.116154
2.600122, 1304.232300, 1095.767700, 1095.767700, 1304.232300, 13.079002, 62.645039
2.607432, 1325.290039, 1074.709961, 1074.709961, 1325.290039, 13.787962, 57.487411
2.613892, 1314.974854, 1085.025146, 1085.025146, 1314.974854, 13.358045, 30.936308
2.622202, 1261.872559, 1138.127441, 1138.127441, 1261.872559, 12.887012, 27.960752
2.631466, 1255.921509, 1144.078491, 1144.078491, 1255.921509, 13.510159, 53.489487
2.638915, 1306.979004, 1093.020996, 1093.020996, 1306.979004, 13.676807, 45.981934
2.646248, 1291.963867, 1108.036133, 1108.036133, 1291.963867, 14.141212, 54.847561
2.652950, 1309.695068, 1090.304932, 1090.304932, 1309.695068, 14.321014, 53.809929
2.658651, 1307.619873, 1092.380127, 1092.380127, 1307.619873, 14.245852, 49.964600
2.666657, 1299.929199, 1100.070801, 1100.070801, 1299.929199, 14.374662, 44.166080
2.675637, 1288.332153, 1111.667847, 1111.667847, 1288.332153, 14.773883, 59.761040
2.683695, 1319.522095, 1080.477905, 1080.477905, 1319.522095, 15.371962, 61.103855
2.691582, 1322.207764, 1077.792236, 1077.792236, 1322.207764, 16.035480, 68.809776
2.697439, 1337.619507, 1062.380493, 1062.380493, 1337.619507, 16.640623, 68.718224
2.706156, 1337.436401, 1062.563599, 1062.563599, 1337.436401, 17.461010, 72.288887
2.713487, 1344.577759, 1055.422241, 1055.422241, 1344.577759, 17.879711, 54.725487
2.721654, 1309.450928, 1090.549072, 1090.549072, 1309.450928, 18.495758, 60.539261
2.730083, 1321.078491, 1078.921509, 1078.921509, 1321.078491, 18.898361, 37.390972
2.738003, 1274.781982, 1125.218018, 1125.218018, 1274.781982, 18.753605, 30.829493
2.745554, 1261.658936, 1138.341064, 1138.341064, 1261.658936, 18.251143, 19.629200
2.752417, 1239.258423, 1160.741577, 1160.741577, 1239.258423, 18.186672, 32.157047
2.759199, 1264.314087, 1135.685913, 1135.685913, 1264.314087, 18.676577, 44.974823
2.766589, 1289.949707, 1110.050293, 1110.050293, 1289.949707, 19.215990, 53.657337
2.773816, 1307.314697, 1092.685303, 1092.685303, 1307.314697, 19.865499, 59.349041
2.781213, 1318.698120, 1081.301880, 1081.301880, 1318.698120, 20.490227, 46.180302
2.789468, 1292.360596, 1107.639404, 1107.639404, 1292.360596, 20.976936, 44.623859
2.796809, 1289.247681, 1110.752319, 1110.752319, 1289.247681, 20.760916, 15.066683
2.803941, 1230.133423, 1169.866577, 1169.866577, 1230.133423, 20.387171, 1.775872
2.811314, 1203.551758, 1196.448242, 1196.448242, 1203.551758, 20.124664, 5.117649
2.819160, 1210.235352, 1189.764648, 1189.764648, 1210.235352, 20.428526, 15.005646
2.826856, 1230.011230, 1169.988770, 1169.988770, 1230.011230, 20.898155, 33.744011
2.834707, 1267.488037, 1132.511963, 1132.511963, 1267.488037, 21.420235, 34.751122
2.842297, 1269.502197, 1130.497803, 1130.497803, 1269.502197, 21.147442, 11.068758
2.849887, 1222.137573, 1177.862427, 1177.862427, 1222.137573, 20.951382, 6.201056
2.856979, 1212.402100, 1187.597900, 1187.597900, 1212.402100, 21.033703, 3.332316
2.865160, 1206.664673, 1193.335327, 1193.335327, 1206.664673, 21.382177, 9.848018
2.873734, 1219.696045, 1180.303955, 1180.303955, 1219.696045, 21.583490, -7.623829
2.881701, 1184.752319, 1215.247681, 1215.247681, 1184.752319, 21.563889, -7.700125
2.889740, 1184.599731, 1215.400269, 1215.400269, 1184.599731, 21.286367, -11.987976
2.896699, 1176.024048, 1223.975952, 1223.975952, 1176.024048, 21.005659, -11.667531
2.904335, 1176.664917, 1223.335083, 1223.335083, 1176.664917, 20.992445, 5.239723
2.911562, 1210.479492, 1189.520508, 1189.520508, 1210.479492, 21.282331, 8.215278
2.919286, 1216.430542, 1183.569458, 1183.569458, 1216.430542, 21.287573, -7.593310
2.926804, 1184.813354, 1215.186646, 1215.186646, 1184.813354, 21.026295, -14.612568
2.934381, 1170.774902, 1229.225098, 1229.225098, 1170.774902, 21.056168, -23.157751
2.942446, 1153.684448, 1246.315552, 1246.315552, 1153.684448, 20.280794, -39.866634
2.949579, 1120.266724, 1279.733276, 1279.733276, 1120.266724, 20.139786, -29.780266
2.957134, 1140.439453, 1259.560547, 1259.560547, 1140.439453, 20.206404, -25.019379
2.963978, 1149.961182, 1250.038818, 1250.038818, 1149.961182, 20.031841, -31.031525
2.971894, 1137.937012, 1262.062988, 1262.062988, 1137.937012, 20.028738, -16.825159
2.980858, 1166.349731, 1233.650269, 1233.650269, 1166.349731, 19.919851, -16.214788
2.986692, 1167.570435, 1232.429565, 1232.429565, 1167.570435, 19.566107, -42.674335
2.995756, 1114.651367, 1285.348633, 1285.348633, 1114.651367, 19.276381, -33.473007
3.003769, 1133.053955, 1266.946045, 1266.946045, 1133.053955, 18.941689, -55.019073
3.011670, 1089.961914, 1310.038086, 1310.038086, 1089.961914, 18.261484, -75.344398
3.020382, 1049.311157, 1350.688843, 1350.688843, 1049.311157, 17.571091, -73.147072
3.027990, 1053.705811, 1346.294189, 1346.294189, 1053.705811, 17.030424, -66.051514
3.035856, 1067.896973, 1332.103027, 1332.103027, 1067.896973, 16.550985, -55.934628
3.043534, 1088.130737, 1311.869263, 1311.869263, 1088.130737, 15.940123, -53.615223
3.051474, 1092.769531, 1307.230469, 1307.230469, 1092.769531, 15.262794, -61.870480
3.058402, 1076.259033, 1323.740967, 1323.740967, 1076.259033, 14.930450, -50.410778
3.065271, 1099.178467, 1300.821533, 1300.821533, 1099.178467, 14.362932, -52.867519
3.074254, 1094.265015, 1305.734985, 1305.734985, 1094.265015, 13.894827, -59.306923
3.082142, 1081.386108, 1318.613892, 1318.613892, 1081.386108, 13.502161, -67.485886
3.089993, 1065.028198, 1334.971802, 1334.971802, 1065.028198, 12.990945, -61.122776
3.097011, 1077.754395, 1322.245605, 1322.245605, 1077.754395, 12.889741, -53.416851
3.104632, 1093.166260, 1306.833740, 1306.833740, 1093.166260, 12.676816, -45.848263
3.112033, 1108.303467, 1291.696533, 1291.696533, 1108.303467, 12.223924, -48.747520
3.119433, 1102.505005, 1297.494995, 1297.494995, 1102.505005, 11.942585, -51.738335
3.126752, 1096.523315, 1303.476685, 1303.476685, 1096.523315, 11.833575, -49.556259
3.134595, 1100.887451, 1299.112549, 1299.112549, 1100.887451, 11.524248, -65.776848
3.142129, 1068.446289, 1331.553711, 1331.553711, 1068.446289, 10.982042, -78.686180
3.149399, 1042.627686, 1357.372314, 1357.372314, 1042.627686, 10.558740, -75.283363
3.157907, 1049.433228, 1350.566772, 1350.566772, 1049.433228, 9.914200, -77.892700
3.164338, 1044.214600, 1355.785400, 1355.785400, 1044.214600, 9.624090, -76.900848
3.180062, 1046.198242, 1353.801758, 1353.801758, 1046.198242, 8.440892, -78.854027
3.188031, 1042.291992, 1357.708008, 1357.708008, 1042.291992, 7.476200, -81.753288
3.195618, 1036.493408, 1363.506592, 1363.506592, 1036.493408, 6.776242, -75.252846
3.203001, 1049.494263, 1350.505737, 1350.505737, 1049.494263, 6.282827, -73.513290
3.209784, 1052.973389, 1347.026611, 1347.026611, 1052.973389, 5.754235, -79.586472
3.218358, 1040.827026, 1359.172974, 1359.172974, 1040.827026, 4.971689, -93.304543
3.225773, 1013.390930, 1386.609131, 1386.609131, 1013.390930, 4.117029, -104.871056
3.234491, 990.257874, 1409.742065, 1409.742065, 990.257874, 3.591046, -88.589432
3.242020, 1022.821167, 1377.178833, 1377.178833, 1022.821167, 2.883641, -97.394028
3.250649, 1005.211914, 1394.788086, 1394.788086, 1005.211914, 2.202483, -80.639366
3.258092, 1038.721313, 1361.278687, 1361.278687, 1038.721313, 1.594081, -78.518326
3.266041, 1042.963379, 1357.036621, 1357.036621, 1042.963379, 0.972416, -88.253731
3.273484, 1023.492554, 1376.507446, 1376.507446, 1023.492554, 0.371837, -85.140846
3.280926, 1029.718262, 1370.281738, 1370.281738, 1029.718262, -0.418895, -74.093140
3.289524, 1051.813721, 1348.186279, 1348.186279, 1051.813721, -1.372126, -90.527359
3.297341, 1018.945312, 1381.054688, 1381.054688, 1018.945312, -2.106836, -76.732994
3.304980, 1046.534058, 1353.465942, 1353.465942, 1046.534058, -2.504399, -77.221291
3.312405, 1045.557373, 1354.442627, 1354.442627, 1045.557373, -3.113324, -79.510178
3.319635, 1040.979614, 1359.020386, 1359.020386, 1040.979614, -3.644257, -73.803215
3.327015, 1052.393555, 1347.606445, 1347.606445, 1052.393555, -4.150702, -64.998627
3.333913, 1070.002686, 1329.997314, 1329.997314, 1070.002686, -4.693054, -62.206184
3.341839, 1075.587646, 1324.412354, 1324.412354, 1075.587646, -5.059781, -60.649738
3.349235, 1078.700562, 1321.299438, 1321.299438, 1078.700562, -5.661357, -71.239662
3.357199, 1057.520630, 1342.479370, 1342.479370, 1057.520630, -6.226055, -63.121738
3.364153, 1073.756470, 1326.243530, 1326.243530, 1073.756470, -6.851401, -72.124695
3.371093, 1055.750610, 1344.249390, 1344.249390, 1055.750610, -7.239800, -64.571365
3.378006, 1070.857300, 1329.142700, 1329.142700, 1070.857300, -7.795760, -66.188850
3.385353, 1067.622314, 1332.377686, 1332.377686, 1067.622314, -8.402452, -48.335522
3.392824, 1103.328979, 1296.671021, 1296.671021, 1103.328979, -8.737161, -47.679371
3.400126, 1104.641235, 1295.358765, 1295.358765, 1104.641235, -8.929211, -37.974487
3.408160, 1124.051025, 1275.948975, 1275.948975, 1124.051025, -9.560127, -47.557297
3.415639, 1104.885376, 1295.114624, 1295.114624, 1104.885376, -9.859835, -42.826931
3.422981, 1114.346191, 1285.653809, 1285.653809, 1114.346191, -10.553232, -51.311073
3.430387, 1097.377808, 1302.622192, 1302.622192, 1097.377808, -10.678596, -45.039520
3.437985, 1109.920898, 1290.079102, 1290.079102, 1109.920898, -10.872255, -41.743523
3.444452, 1116.512939, 1283.487061, 1283.487061, 1116.512939, -10.945233, -47.816708
3.452609, 1104.366577, 1295.633423, 1295.633423, 1104.366577, -11.107029, -41.285744
3.460206, 1117.428467, 1282.571533, 1282.571533, 1117.428467, -11.135105, -34.052856
3.467662, 1131.894287, 1268.105713, 1268.105713, 1131.894287, -11.425177, -44.749596
3.474594, 1110.500854, 1289.499146, 1289.499146, 1110.500854, -12.153217, -45.298927
3.483210, 1109.402100, 1290.597900, 1290.597900, 1109.402100, -12.290398, -41.926632
3.489429, 1116.146729, 1283.853271, 1283.853271, 1116.146729, -13.089323, -58.666035
3.497227, 1082.667969, 1317.332031, 1317.332031, 1082.667969, -13.757115, -48.930630
3.505114, 1102.138794, 1297.861206, 1297.861206, 1102.138794, -14.164555, -39.805595
3.511919, 1120.388794, 1279.611206, 1279.611206, 1120.388794, -13.977661, -18.335825
3.519513, 1163.328369, 1236.671631, 1236.671631, 1163.328369, -13.954854, -26.179083
3.526482, 1147.641846, 1252.358154, 1252.358154, 1147.641846, -14.537784, -25.858639
3.535721, 1148.282715, 1251.717285, 1251.717285, 1148.282715, -14.632273, -24.729454
3.543284, 1150.541138, 1249.458862, 1249.458862, 1150.541138, -14.945044, -32.175968
3.550075, 1135.648071, 1264.351929, 1264.351929, 1135.648071, -15.419822, -32.221748
3.558053, 1135.556519, 1264.443481, 1264.443481, 1135.556519, -15.911634, -23.798639
3.566136, 1152.402710, 1247.597290, 1247.597290, 1152.402710, -15.844200, -14.414197
3.574992, 1171.171631, 1228.828369, 1228.828369, 1171.171631, -16.091976, -20.670492
3.583292, 1158.659058, 1241.340942, 1241.340942, 1158.659058, -16.225760, -14.582049
3.591297, 1170.835938, 1229.164062, 1229.164062, 1170.835938, -16.405497, -15.558641
3.598982, 1168.882690, 1231.117310, 1231.117310, 1168.882690, -16.602144, -13.300272
3.607219, 1173.399414, 1226.600586, 1226.600586, 1173.399414, -16.835238, -12.796716
3.614111, 1174.406616, 1225.593384, 1225.593384, 1174.406616, -17.201014, -1.977905
3.620429, 1196.044189, 1203.955811, 1203.955811, 1196.044189, -17.591108, -12.720420
3.629624, 1174.559204, 1225.440796, 1225.440796, 1174.559204, -18.169827, -16.001160
3.637606, 1167.997681, 1232.002319, 1232.002319, 1167.997681, -18.286152, 6.323130
3.645354, 1212.646240, 1187.353760, 1187.353760, 1212.646240, -17.938595, 15.799128
3.652550, 1231.598267, 1168.401733, 1168.401733, 1231.598267, -18.169493, 12.381054
3.659287, 1224.762085, 1175.237915, 1175.237915, 1224.762085, -18.125004, 32.141788
3.665671, 1264.283569, 1135.716431, 1135.716431, 1264.283569, -17.697948, 39.496750
3.672590, 1278.993530, 1121.006470, 1121.006470, 1278.993530, -17.858809, 26.099125
3.678881, 1252.198242, 1147.801758, 1147.801758, 1252.198242, -17.497786, 48.621784
3.686498, 1297.243530, 1102.756470, 1102.756470, 1297.243530, -17.076084, 31.943419
3.694153, 1263.886841, 1136.113159, 1136.113159, 1263.886841, -16.723392, 53.993042
3.699888, 1307.986084, 1092.013916, 1092.013916, 1307.986084, -16.351650, 51.551559
3.705677, 1303.103149, 1096.896851, 1096.896851, 1303.103149, -16.144360, 41.770378
3.714851, 1283.540771, 1116.459229, 1116.459229, 1283.540771, -15.697124, 50.712303
3.722789, 1301.424561, 1098.575439, 1098.575439, 1301.424561, -15.210736, 57.578968
3.730708, 1315.157959, 1084.842041, 1084.842041, 1315.157959, -14.509012, 67.817924
3.737516, 1335.635864, 1064.364136, 1064.364136, 1335.635864, -13.784401, 65.910522
3.745462, 1331.821045, 1068.178955, 1068.178955, 1331.821045, -13.100908, 61.500595
3.752700, 1323.001221, 1076.998779, 1076.998779, 1323.001221, -12.958414, 46.149784
3.759081, 1292.299561, 1107.700439, 1107.700439, 1292.299561, -12.217175, 53.825191
3.767179, 1307.650391, 1092.349609, 1092.349609, 1307.650391, -12.151495, 49.842525
3.775003, 1299.685059, 1100.314941, 1100.314941, 1299.685059, -11.889077, 61.927853
3.781714, 1323.855713, 1076.144287, 1076.144287, 1323.855713, -11.213256, 75.600143
3.789676, 1351.200317, 1048.799683, 1048.799683, 1351.200317, -10.559651, 77.324440
3.796070, 1354.648926, 1045.351074, 1045.351074, 1354.648926, -10.175848, 72.395706
3.805869, 1344.791382, 1055.208618, 1055.208618, 1344.791382, -10.136875, 53.077488
3.813312, 1306.155029, 1093.844971, 1093.844971, 1306.155029, -10.277707, 62.492447
3.820334, 1324.984863, 1075.015137, 1075.015137, 1324.984863, -10.284283, 70.579849
3.827885, 1341.159668, 1058.840332, 1058.840332, 1341.159668, -10.060403, 78.438370
3.835905, 1356.876709, 1043.123291, 1043.123291, 1356.876709, -9.237194, 107.079987
3.842421, 1414.159912, 985.840027, 985.840027, 1414.159912, -8.915658, 95.559250
3.851551, 1391.118530, 1008.881470, 1008.881470, 1391.118530, -7.476339, 115.152138
3.860605, 1430.304321, 969.695740, 969.695740, 1430.304321, -6.604525, 100.671104
3.868241, 1401.342163, 998.657776, 998.657776, 1401.342163, -5.810389, 98.229622
3.874990, 1396.459229, 1003.540771, 1003.540771, 1396.459229, -5.002943, 99.984436
3.881984, 1399.968872, 1000.031128, 1000.031128, 1399.968872, -4.034082, 90.386368
3.889591, 1380.772705, 1019.227295, 1019.227295, 1380.772705, -2.976289, 71.739555
3.897145, 1343.479126, 1056.520874, 1056.520874, 1343.479126, -2.234699, 74.318367
3.905005, 1348.636719, 1051.363281, 1051.363281, 1348.636719, -1.328004, 72.258369
3.912407, 1344.516724, 1055.483276, 1055.483276, 1344.516724, -0.618918, 69.099701
3.920365, 1338.199463, 1061.800537, 1061.800537, 1338.199463, -0.255938, 69.496445
3.927963, 1338.992920, 1061.007080, 1061.007080, 1338.992920, 0.541705, 70.976593
3.934287, 1341.953125, 1058.046875, 1058.046875, 1341.953125, 1.335749, 69.542221
3.943034, 1339.084473, 1060.915527, 1060.915527, 1339.084473, 2.000952, 50.651264
3.950664, 1301.302490, 1098.697510, 1098.697510, 1301.302490, 2.239822, 43.143711
3.957352, 1286.287476, 1113.712524, 1113.712524, 1286.287476, 2.472033, 38.276009
3.965960, 1276.552002, 1123.447998, 1123.447998, 1276.552002, 3.122060, 45.692009
3.973105, 1291.384033, 1108.615967, 1108.615967, 1291.384033, 3.004776, 51.780449
3.981174, 1303.560913, 1096.439087, 1096.439087, 1303.560913, 2.838984, 41.098972
3.988010, 1282.197998, 1117.802002, 1117.802002, 1282.197998, 3.346876, 60.798668
3.995113, 1321.597290, 1078.402710, 1078.402710, 1321.597290, 3.315522, 59.883114
4.004856, 1319.766235, 1080.233765, 1080.233765, 1319.766235, 3.723677, 55.534225
4.012641, 1311.068481, 1088.931519, 1088.931519, 1311.068481, 3.791013, 50.819118
4.020495, 1301.638184, 1098.361816, 1098.361816, 1301.638184, 4.809339, 67.299110
4.027844, 1334.598267, 1065.401733, 1065.401733, 1334.598267, 5.414003, 59.501633
4.035488, 1319.003296, 1080.996704, 1080.996704, 1319.003296, 5.755953, 65.666374
4.043472, 1331.332764, 1068.667236, 1068.667236, 1331.332764, 6.584749, 69.176003
4.051040, 1338.352051, 1061.647949, 1061.647949, 1338.352051, 7.031466, 61.866817
4.059001, 1323.733643, 1076.266357, 1076.266357, 1323.733643, 7.682532, 43.723564
4.066022, 1287.447144, 1112.552856, 1112.552856, 1287.447144, 8.566961, 53.062229
4.073706, 1306.124512, 1093.875488, 1093.875488, 1306.124512, 9.334350, 32.157047
4.081207, 1264.314087, 1135.685913, 1135.685913, 1264.314087, 8.786255, 26.816309
4.088893, 1253.632568, 1146.367432, 1146.367432, 1253.632568, 8.868424, 45.020599
4.094713, 1290.041260, 1109.958740, 1109.958740, 1290.041260, 9.686759, 70.762962
4.100464, 1341.525879, 1058.474121, 1058.474121, 1341.525879, 9.304750, 27.090975
4.106618, 1254.182007, 1145.817993, 1145.817993, 1254.182007, 10.064260, 70.137337
4.111622, 1340.274658, 1059.725342, 1059.725342, 1340.274658, 9.785785, 44.028748
4.122170, 1288.057495, 1111.942505, 1111.942505, 1288.057495, 10.668015, 68.031555
4.129678, 1336.063110, 1063.936890, 1063.936890, 1336.063110, 11.448787, 61.729485
4.137595, 1323.458984, 1076.541016, 1076.541016, 1323.458984, 11.899805, 72.838219
4.145238, 1345.676392, 1054.323608, 1054.323608, 1345.676392, 12.843774, 63.041779
4.152417, 1326.083496, 1073.916504, 1073.916504, 1326.083496, 13.672063, 56.846523
4.161016, 1313.692993, 1086.307007, 1086.307007, 1313.692993, 14.350986, 31.897640
4.167749, 1263.795288, 1136.204712, 1136.204712, 1263.795288, 15.212612, 45.951416
4.174365, 1291.902832, 1108.097168, 1108.097168, 1291.902832, 15.999074, 41.678822
4.180747, 1283.357666, 1116.642334, 1116.642334, 1283.357666, 15.206774, 3.454390
4.186560, 1206.908813, 1193.091187, 1193.091187, 1206.908813, 15.886291, 39.939270
4.191585, 1279.878540, 1120.121460, 1120.121460, 1279.878540, 15.205003, 4.858242
4.196765, 1209.716431, 1190.283569, 1190.283569, 1209.716431, 14.993050, 16.913054
4.204925, 1233.826050, 1166.173950, 1166.173950, 1233.826050, 14.968030, 16.790979
4.214109, 1233.581909, 1166.418091, 1166.418091, 1233.581909, 15.353240, 32.065495
4.221626, 1264.130981, 1135.869019, 1135.869019, 1264.130981, 14.914629, 10.946684
4.229678, 1221.893311, 1178.106689, 1178.106689, 1221.893311, 14.684149, 5.804316
4.237179, 1211.608643, 1188.391357, 1188.391357, 1211.608643, 14.803860, 25.000458
4.244222, 1250.000977, 1149.999023, 1149.999023, 1250.000977, 15.099221, 29.486679
4.251667, 1258.973389, 1141.026611, 1141.026611, 1258.973389, 14.906667, 17.874386
4.259878, 1235.748779, 1164.251221, 1164.251221, 1235.748779, 15.151972, 30.905790
4.267913, 1261.811523, 1138.188477, 1138.188477, 1261.811523, 15.765307, 47.797783
4.275847, 1295.595581, 1104.404419, 1104.404419, 1295.595581, 16.178905, 38.459122
4.283124, 1276.918213, 1123.081787, 1123.081787, 1276.918213, 15.968374, 15.997498
4.290476, 1231.994995, 1168.005005, 1168.005005, 1231.994995, 16.334646, 44.074528
4.298555, 1288.149048, 1111.850952, 1111.850952, 1288.149048, 16.818796, 38.520157
4.307300, 1277.040283, 1122.959717, 1122.959717, 1277.040283, 17.219898, 42.243416
4.315303, 1284.486816, 1115.513184, 1115.513184, 1284.486816, 17.038359, 15.692312
4.322007, 1231.384644, 1168.615356, 1168.615356, 1231.384644, 17.289312, 28.281199
4.330636, 1256.562378, 1143.437622, 1143.437622, 1256.562378, 17.025648, 11.999573
4.337995, 1223.999146, 1176.000854, 1176.000854, 1223.999146, 17.484694, 37.390972
4.345691, 1274.781982, 1125.218018, 1125.218018, 1274.781982, 17.588861, 40.076603
4.353554, 1280.153198, 1119.846802, 1119.846802, 1280.153198, 17.755726, 18.881496
4.361189, 1237.762939, 1162.237061, 1162.237061, 1237.762939, 17.942734, 14.257942
4.369020, 1228.515869, 1171.484131, 1171.484131, 1228.515869, 18.414078, 29.532457
4.377853, 1259.064941, 1140.935059, 1140.935059, 1259.064941, 18.501005, 25.046236
4.385828, 1250.092529, 1149.907471, 1149.907471, 1250.092529, 18.668571, 22.543718
4.392838, 1245.087402, 1154.912598, 1154.912598, 1245.087402, 18.154491, -4.449904
4.402844, 1191.100220, 1208.899780, 1208.899780, 1191.100220, 17.768448, 11.022981
